alumni_employment,publications,influence,citations,patents,RankID
9,1,1,1,5,1
17,12,4,4,1,2
11,4,2,2,15,3
24,16,16,11,50,4
29,37,22,22,18,5
14,53,33,26,101,6
28,15,13,19,26,7
31,14,6,15,66,8
21,13,12,14,5,9
52,6,5,3,16,10
26,34,20,28,101,11
42,22,21,16,10,12
16,9,10,8,9,13
19,8,19,23,3,14
77,11,9,9,7,15
66,40,51,44,34,16
38,25,36,43,23,17
101,101,67,101,29,18
59,3,11,6,13,19
101,10,8,10,22,20
101,101,28,96,101,21
93,101,91,101,28,22
75,42,24,34,62,23
101,19,3,13,33,24
63,17,30,21,21,25
101,35,71,39,44,26
43,20,15,12,20,27
73,26,26,29,41,28
101,101,43,84,101,29
78,41,47,40,57,30
101,27,23,33,86,31
101,39,44,51,11,32
32,24,25,20,35,33
60,2,17,7,8,34
101,7,14,18,101,35
86,31,29,31,29,36
62,32,18,30,14,37
101,74,52,67,12,38
101,5,7,5,101,39
101,68,72,36,101,40
91,33,39,47,101,41
70,61,101,58,19,42
81,101,101,61,101,43
101,46,48,32,23,44
101,23,40,25,32,45
88,71,54,56,101,46
101,59,57,52,65,47
101,73,96,101,101,48
101,18,31,17,84,49
101,45,42,45,27,50
89,101,101,101,51,51
101,30,50,35,54,52
54,82,68,54,62,53
61,101,101,101,101,54
101,29,74,42,2,55
101,72,101,101,35,56
53,101,101,53,101,57
13,101,101,101,92,58
72,50,35,49,101,59
101,64,41,70,101,60
3,101,101,101,101,61
101,48,34,37,101,62
101,36,53,78,101,63
94,38,60,27,99,64
101,101,93,101,101,65
37,101,73,92,101,66
101,28,38,48,101,67
101,47,55,41,101,68
30,101,101,101,74,69
101,84,49,95,101,70
101,21,32,24,61,71
101,80,83,72,85,72
101,58,101,80,101,73
101,101,101,101,46,74
34,44,101,69,4,75
101,52,70,63,101,76
101,70,101,101,101,77
101,96,63,65,101,78
101,49,100,67,29,79
101,101,101,77,49,80
97,54,37,50,46,81
101,86,58,100,101,82
101,60,45,62,101,83
50,76,62,57,86,84
101,81,65,101,101,85
41,101,95,75,101,86
67,79,101,46,40,87
101,101,69,99,101,88
101,62,64,54,101,89
101,91,76,94,101,90
101,101,101,101,101,91
101,67,90,89,46,92
101,85,66,101,101,93
101,56,92,85,69,94
15,101,101,101,101,95
101,95,46,66,100,96
101,101,101,101,92,97
101,75,81,86,101,98
101,65,101,60,101,99
4,101,101,101,101,100
1,1,1,1,7,101
2,6,2,2,11,102
12,11,7,13,15,103
16,16,3,3,1,104
15,9,11,10,39,105
8,13,9,11,10,106
28,8,6,4,19,107
14,58,35,27,101,108
19,37,21,30,101,109
25,20,12,22,42,110
101,38,24,25,17,111
5,10,10,9,14,112
23,21,19,15,7,113
3,14,23,29,5,114
17,28,46,58,13,115
35,5,15,6,12,116
96,4,5,7,2,117
60,40,53,55,60,118
31,41,25,33,51,119
101,15,14,14,22,120
101,101,96,101,24,121
101,23,4,18,63,122
55,19,29,20,30,123
101,33,66,34,67,124
42,22,17,17,24,125
56,46,84,37,20,126
92,17,22,19,48,127
21,27,26,24,30,128
81,2,13,12,101,129
101,12,16,21,73,130
101,7,8,5,51,131
27,3,18,8,6,132
101,101,85,101,48,133
101,30,27,26,42,134
91,55,56,72,17,135
101,73,101,101,101,136
101,89,91,38,101,137
39,71,101,65,36,138
99,56,52,36,40,139
13,48,101,76,4,140
84,75,68,54,101,141
101,93,61,85,27,142
101,43,58,45,96,143
101,18,31,16,67,144
101,52,36,63,101,145
101,101,28,82,101,146
62,34,42,48,101,147
101,31,50,78,81,148
101,101,34,101,101,149
72,29,54,23,67,150
101,101,101,74,101,151
101,32,55,35,60,152
101,26,47,31,90,153
69,54,37,41,100,154
101,35,92,42,9,155
101,101,78,101,101,156
101,83,101,101,32,157
101,25,39,39,100,158
101,49,77,40,101,159
101,64,38,62,101,160
101,53,40,60,40,161
101,76,101,101,101,162
101,36,20,32,101,163
101,101,101,101,101,164
101,69,67,61,101,165
101,101,101,101,73,166
101,67,49,67,101,167
101,42,43,51,101,168
101,24,33,28,44,169
6,101,101,101,73,170
24,88,73,68,63,171
101,47,63,57,101,172
101,101,101,89,20,173
101,59,48,52,101,174
101,45,45,44,101,175
80,101,86,66,51,176
52,101,89,96,101,177
101,60,57,49,101,178
101,82,59,100,101,179
101,72,101,88,101,180
101,101,101,101,101,181
20,101,101,101,78,182
101,101,101,83,54,183
101,39,44,47,101,184
48,50,72,59,101,185
4,101,101,101,101,186
101,44,101,50,27,187
101,90,32,56,101,188
101,101,101,98,90,189
101,101,101,101,101,190
101,101,101,101,58,191
101,61,101,101,48,192
101,66,41,53,81,193
101,101,101,64,81,194
101,65,101,91,26,195
101,101,101,101,101,196
101,68,101,92,81,197
101,74,79,71,101,198
101,101,87,101,101,199
85,97,101,43,32,200
1,1,1,1,2,201
2,5,3,3,6,202
11,15,2,2,1,203
10,10,9,12,48,204
12,11,12,11,16,205
8,14,13,9,4,206
22,7,4,3,28,207
14,17,19,10,149,208
16,70,25,19,204,209
25,18,7,32,45,210
18,23,15,23,12,211
303,48,6,16,9,212
3,12,16,28,14,213
4,8,17,13,28,214
27,6,14,7,10,215
23,27,41,61,18,216
21,49,29,32,48,217
105,42,28,45,84,218
75,4,10,6,3,219
478,16,5,19,13,220
19,3,20,5,19,221
255,114,94,493,40,222
13,28,32,25,61,223
9,38,165,87,5,224
28,21,24,23,28,225
30,22,23,13,42,226
478,24,8,17,57,227
80,36,45,38,64,228
39,51,54,26,45,229
406,13,22,18,121,230
45,2,18,13,149,231
107,9,11,8,54,232
33,52,47,38,54,233
5,299,243,310,159,234
478,362,156,493,737,235
6,323,282,250,181,236
478,347,26,107,227,237
478,233,63,250,51,238
98,20,27,31,34,239
7,391,384,283,204,240
17,93,71,55,94,241
32,35,59,34,204,242
36,43,55,114,34,243
15,246,164,125,74,244
86,32,37,22,38,245
42,33,36,26,100,246
65,30,52,30,38,247
210,264,247,310,737,248
159,19,38,29,68,249
410,69,89,114,338,250
74,59,64,61,33,251
52,72,87,73,20,252
195,25,58,21,64,253
219,207,234,52,170,254
35,65,155,250,7,255
131,54,42,55,307,256
192,29,31,38,68,257
145,39,21,34,181,258
299,34,70,52,8,259
252,105,53,48,68,260
298,26,34,36,78,261
91,99,62,114,22,262
56,97,35,75,128,263
20,241,230,159,307,264
24,46,216,283,637,265
478,127,30,81,181,266
47,60,46,43,227,267
431,31,39,99,100,268
73,41,68,43,94,269
62,67,33,37,307,270
90,58,57,52,51,271
241,56,112,107,21,272
478,55,61,38,737,273
99,37,136,114,23,274
151,121,75,99,194,275
198,57,49,38,338,276
50,112,104,69,76,277
97,66,65,73,45,278
143,44,44,61,481,279
478,76,48,48,138,280
46,123,66,55,170,281
156,64,56,69,181,282
77,104,154,79,24,283
43,164,148,79,84,284
404,47,43,55,94,285
122,95,116,176,28,286
63,79,192,134,16,287
181,40,51,55,338,288
426,68,67,61,159,289
173,84,132,87,181,290
178,78,162,250,373,291
41,135,170,283,27,292
130,126,121,48,41,293
225,53,111,75,64,294
158,50,117,61,100,295
48,150,157,87,44,296
101,45,74,87,194,297
275,156,125,187,227,298
138,106,92,187,100,299
26,223,312,310,637,300
66,88,142,75,227,301
208,134,97,60,100,302
144,61,105,81,84,303
478,92,76,61,78,304
94,73,90,87,280,305
478,141,79,69,34,306
61,143,330,250,15,307
313,252,144,45,61,308
221,180,226,187,100,309
478,80,88,99,481,310
266,108,126,130,373,311
214,85,115,45,128,312
38,166,769,176,204,313
29,456,241,310,259,314
295,75,96,125,78,315
478,81,133,48,737,316
478,82,91,114,227,317
37,295,323,310,159,318
188,90,78,81,194,319
207,63,107,81,259,320
478,111,40,107,194,321
438,74,86,87,338,322
242,87,69,99,338,323
336,94,77,99,737,324
184,103,81,87,115,325
478,161,73,69,100,326
265,71,103,107,338,327
85,186,262,363,11,328
155,91,120,114,552,329
58,182,428,220,34,330
70,62,182,114,737,331
356,119,141,134,68,332
478,140,118,150,78,333
460,77,110,87,426,334
113,155,106,159,64,335
282,89,158,81,121,336
112,118,131,87,280,337
152,159,128,87,78,338
167,221,196,81,115,339
478,107,60,159,426,340
271,128,159,87,159,341
119,116,160,150,204,342
244,219,100,61,307,343
398,83,123,87,737,344
59,251,236,150,128,345
81,115,129,107,259,346
148,113,174,150,159,347
478,110,387,220,26,348
114,100,194,99,138,349
320,460,520,283,373,350
93,132,134,134,280,351
49,154,198,250,426,352
362,349,259,283,307,353
222,168,113,134,426,354
116,98,195,176,481,355
424,195,351,134,57,356
478,117,84,159,373,357
478,122,82,250,481,358
478,158,143,159,227,359
377,137,95,187,426,360
291,175,151,200,280,361
40,315,291,493,89,362
478,239,50,114,227,363
478,139,114,134,194,364
478,169,80,176,159,365
89,147,171,114,737,366
31,980,825,609,737,367
321,177,186,107,737,368
174,172,152,310,373,369
134,96,146,250,159,370
34,632,677,406,737,371
478,188,85,159,138,372
284,242,263,159,51,373
69,292,481,406,28,374
478,191,124,107,227,375
478,190,135,250,204,376
132,145,166,159,204,377
257,124,127,114,227,378
146,152,138,134,637,379
53,312,229,187,307,380
467,109,183,200,481,381
190,142,173,75,338,382
478,125,102,134,280,383
478,101,99,176,737,384
478,227,168,61,149,385
478,279,346,220,25,386
106,202,93,99,637,387
378,138,172,283,61,388
126,120,264,310,100,389
218,368,261,176,481,390
269,179,286,134,181,391
186,187,258,125,181,392
478,288,72,187,170,393
338,237,108,134,637,394
149,102,250,250,138,395
96,220,213,220,149,396
478,240,257,200,48,397
55,213,309,406,204,398
109,215,150,187,426,399
68,301,249,150,227,400
478,167,119,99,426,401
478,171,386,159,204,402
83,209,161,159,194,403
191,206,331,187,54,404
160,225,147,150,737,405
293,86,318,493,94,406
193,176,122,187,128,407
118,194,190,159,373,408
183,183,153,310,170,409
456,173,197,114,338,410
248,149,163,134,373,411
287,185,191,159,481,412
478,170,208,134,307,413
348,231,181,220,227,414
170,193,271,150,109,415
179,162,179,159,481,416
447,148,371,363,57,417
416,131,189,220,170,418
319,130,283,187,552,419
84,257,297,220,227,420
478,136,101,220,159,421
478,199,98,134,259,422
407,216,178,200,481,423
472,129,83,176,227,424
397,165,214,283,373,425
296,212,270,220,109,426
117,192,177,134,481,427
194,151,202,159,181,428
250,200,149,200,481,429
478,133,130,220,204,430
471,214,272,220,552,431
396,236,185,220,280,432
402,160,187,200,204,433
92,363,298,283,194,434
124,238,223,176,307,435
311,527,169,493,128,436
478,218,227,176,109,437
286,197,364,187,138,438
478,314,224,130,373,439
428,263,233,200,149,440
358,174,137,200,280,441
67,326,666,406,74,442
121,375,344,159,138,443
478,153,109,250,426,444
478,189,139,363,426,445
60,157,545,800,307,446
386,265,305,250,76,447
478,271,276,130,552,448
478,204,167,250,637,449
478,208,376,283,307,450
478,298,207,159,637,451
478,354,200,134,227,452
478,226,239,176,259,453
478,146,218,250,204,454
288,201,180,134,338,455
478,410,334,125,227,456
478,302,306,250,737,457
44,594,512,609,481,458
270,184,219,250,338,459
478,331,302,200,373,460
262,366,322,220,89,461
478,234,201,250,259,462
478,254,140,220,373,463
237,250,203,250,373,464
268,247,145,176,338,465
304,211,256,200,637,466
169,333,244,220,552,467
418,203,285,200,204,468
182,276,280,150,307,469
238,144,275,363,481,470
185,196,267,200,227,471
475,163,333,200,737,472
455,266,235,283,138,473
478,267,175,220,373,474
374,222,212,250,227,475
223,282,217,250,481,476
172,253,273,220,204,477
478,178,321,220,426,478
478,294,274,283,109,479
125,205,352,283,637,480
226,332,335,250,94,481
478,285,232,310,737,482
51,580,752,406,737,483
153,289,251,250,338,484
129,619,620,609,737,485
163,274,350,220,373,486
78,393,319,220,481,487
478,217,176,363,552,488
478,277,199,220,737,489
427,269,394,250,426,490
279,256,469,363,128,491
328,198,424,310,138,492
478,338,279,220,737,493
236,677,444,406,373,494
478,324,252,363,280,495
267,293,221,310,170,496
276,353,432,406,115,497
440,262,353,130,737,498
478,287,268,800,307,499
175,379,367,363,280,500
464,210,342,220,552,501
177,290,345,310,737,502
453,284,288,406,426,503
283,235,222,406,637,504
478,249,206,283,737,505
139,520,742,310,737,506
54,986,538,609,737,507
465,229,368,200,426,508
449,228,245,310,426,509
478,275,242,283,426,510
64,545,494,310,259,511
478,322,357,310,552,512
478,243,231,220,637,513
446,358,661,283,68,514
478,700,877,609,42,515
478,313,215,310,227,516
253,612,554,493,552,517
171,383,307,250,115,518
165,348,313,220,259,519
215,364,300,406,373,520
478,424,412,150,737,521
389,335,383,406,138,522
478,317,193,363,280,523
394,224,253,200,259,524
478,260,260,283,737,525
415,413,225,310,373,526
258,374,417,493,227,527
57,644,928,800,426,528
120,304,326,493,181,529
478,258,314,220,373,530
246,248,433,310,737,531
95,548,380,200,338,532
478,484,303,310,737,533
478,528,565,406,57,534
256,272,246,250,426,535
478,272,209,159,481,536
478,181,204,406,481,537
382,303,248,310,737,538
135,841,812,609,338,539
400,244,254,283,737,540
478,291,429,250,373,541
399,308,284,283,737,542
478,328,237,283,259,543
385,329,359,283,637,544
478,525,459,310,552,545
478,370,205,200,637,546
72,582,734,800,426,547
187,480,290,200,481,548
168,311,456,493,280,549
478,356,210,187,637,550
478,469,395,363,128,551
478,380,316,310,280,552
315,296,555,310,307,553
100,371,507,609,307,554
372,318,338,220,637,555
478,373,634,406,100,556
371,309,188,406,481,557
478,278,255,363,426,558
478,367,341,406,637,559
478,336,349,363,204,560
82,639,442,310,637,561
478,280,382,406,138,562
342,468,287,493,227,563
76,653,577,310,637,564
111,427,623,310,307,565
478,319,289,125,373,566
478,378,295,283,426,567
478,509,489,220,737,568
478,402,372,187,338,569
102,401,547,609,204,570
478,539,403,250,637,571
137,513,499,283,338,572
478,377,410,310,737,573
478,474,505,609,89,574
478,255,893,493,259,575
478,442,299,609,307,576
478,320,337,363,737,577
477,268,348,363,737,578
478,365,294,363,227,579
445,398,626,609,84,580
189,261,764,406,481,581
370,390,402,493,307,582
478,530,533,363,737,583
478,339,556,493,89,584
478,408,490,406,737,585
478,342,315,406,204,586
478,399,393,310,552,587
478,345,336,493,338,588
203,360,532,609,280,589
478,341,378,493,194,590
478,320,332,609,481,591
251,344,434,609,138,592
478,286,281,406,373,593
87,406,926,800,426,594
332,359,435,493,737,595
79,529,904,493,737,596
71,728,731,800,737,597
164,397,396,250,737,598
127,307,595,800,181,599
478,411,652,363,115,600
468,388,391,493,149,601
301,300,361,493,181,602
478,440,385,363,426,603
346,511,277,200,637,604
478,452,240,283,637,605
478,512,741,800,78,606
325,473,400,493,170,607
232,259,656,609,181,608
147,486,612,609,481,609
451,386,583,406,109,610
220,232,638,609,737,611
409,412,695,609,121,612
478,504,516,406,128,613
478,422,500,609,737,614
444,495,423,283,149,615
200,478,672,609,109,616
128,567,579,493,307,617
478,230,406,493,552,618
478,400,488,363,637,619
133,611,537,800,115,620
352,387,379,310,552,621
110,540,687,493,552,622
478,579,471,310,737,623
217,503,506,363,204,624
354,426,360,493,373,625
478,409,184,609,481,626
413,381,365,406,159,627
478,781,792,800,68,628
478,626,663,800,84,629
235,554,461,493,637,630
478,404,328,406,280,631
478,327,228,406,426,632
478,376,266,363,737,633
478,449,374,283,637,634
469,270,467,493,373,635
88,701,732,800,637,636
478,297,534,406,227,637
228,310,627,609,481,638
180,441,419,406,637,639
422,395,511,363,128,640
478,384,478,220,552,641
478,488,542,609,280,642
104,712,501,406,737,643
478,603,455,493,149,644
478,343,477,363,338,645
350,538,414,609,737,646
343,646,802,609,94,647
249,459,479,310,338,648
339,372,398,250,637,649
263,450,310,493,426,650
278,416,375,493,552,651
478,482,401,800,637,652
478,316,451,310,194,653
327,455,409,493,373,654
431,421,440,310,637,655
478,407,356,310,737,656
466,245,588,493,481,657
478,454,539,406,170,658
142,584,436,310,737,659
347,516,325,250,637,660
196,650,362,800,338,661
478,489,220,493,737,662
359,423,464,406,227,663
176,568,474,493,280,664
162,330,855,609,373,665
478,435,485,310,637,666
369,677,630,200,737,667
478,475,347,493,481,668
379,451,211,363,373,669
349,643,521,406,737,670
333,564,568,283,204,671
245,382,454,406,426,672
351,578,566,220,637,673
478,361,468,609,204,674
289,283,875,609,338,675
478,351,355,609,307,676
260,506,513,310,373,677
478,334,649,493,637,678
478,396,466,609,552,679
277,392,508,250,552,680
478,433,615,800,338,681
421,637,660,609,121,682
380,337,427,310,373,683
478,645,482,406,737,684
224,531,327,363,426,685
452,416,292,283,552,686
154,561,426,493,737,687
141,906,487,493,552,688
123,767,718,800,737,689
478,792,618,250,637,690
478,487,370,493,737,691
115,670,910,493,426,692
247,437,662,609,637,693
103,808,868,800,637,694
478,340,525,609,307,695
462,430,476,493,170,696
392,431,527,406,259,697
292,403,650,493,227,698
234,414,548,406,338,699
478,483,619,493,259,700
478,305,495,609,280,701
322,550,450,310,637,702
408,415,392,609,259,703
157,580,617,609,481,704
478,554,377,363,373,705
274,445,460,609,338,706
478,551,573,609,637,707
478,385,340,800,737,708
478,607,269,493,737,709
478,424,470,493,737,710
478,576,604,609,737,711
434,465,504,363,426,712
395,954,915,800,89,713
209,727,405,406,552,714
478,306,530,800,373,715
478,629,311,310,737,716
478,446,437,406,637,717
429,526,524,406,481,718
478,428,755,609,121,719
441,350,684,493,338,720
478,726,594,493,481,721
478,736,411,609,737,722
108,995,837,800,637,723
419,553,473,363,307,724
478,346,449,310,737,725
478,429,324,493,737,726
161,630,441,609,637,727
478,444,808,609,204,728
403,564,730,800,128,729
478,491,329,609,637,730
478,325,418,493,426,731
478,467,265,609,373,732
478,583,397,609,552,733
478,355,502,406,737,734
478,522,785,609,121,735
478,442,293,310,552,736
273,537,491,406,737,737
140,991,796,609,552,738
474,573,611,800,149,739
344,557,354,363,637,740
478,560,317,406,373,741
478,763,609,493,259,742
212,708,722,363,737,743
136,819,670,800,737,744
478,420,415,609,481,745
478,434,475,609,637,746
478,715,304,493,426,747
261,463,585,310,373,748
478,439,296,363,552,749
478,479,366,406,737,750
478,481,497,406,737,751
360,624,526,609,373,752
478,419,659,609,170,753
478,447,590,800,552,754
306,764,531,310,307,755
478,600,388,406,259,756
478,505,453,406,552,757
478,493,413,310,737,758
357,638,430,800,552,759
254,523,881,609,170,760
205,892,850,800,737,761
478,492,404,310,426,762
335,710,651,406,737,763
478,572,528,406,426,764
478,369,438,609,637,765
478,394,408,363,481,766
478,436,750,493,737,767
201,499,705,800,737,768
308,536,846,609,227,769
211,694,648,493,373,770
478,389,667,493,481,771
478,510,238,363,552,772
478,586,589,406,149,773
201,501,966,800,426,774
478,544,598,609,737,775
206,532,928,406,280,776
437,534,425,493,426,777
478,595,407,609,737,778
478,464,773,800,181,779
478,437,465,493,426,780
324,585,564,493,338,781
478,569,828,609,737,782
478,514,536,800,552,783
199,846,710,493,373,784
478,418,632,406,552,785
478,616,431,363,481,786
150,902,550,406,637,787
294,500,915,800,737,788
478,697,608,493,481,789
478,796,549,609,552,790
478,571,518,800,552,791
478,458,420,310,737,792
384,606,633,363,426,793
316,646,682,609,204,794
478,357,582,800,737,795
259,671,602,363,481,796
478,490,569,609,737,797
478,668,517,493,552,798
166,592,928,493,373,799
478,593,597,609,307,800
478,896,934,609,121,801
337,681,580,609,737,802
478,574,707,609,227,803
478,699,320,493,552,804
478,457,733,493,552,805
229,731,610,800,737,806
312,830,713,609,637,807
478,461,278,609,737,808
233,597,557,493,481,809
478,653,837,493,737,810
307,845,846,609,737,811
478,462,389,406,426,812
459,556,678,609,637,813
227,605,861,609,737,814
387,543,770,609,481,815
478,907,806,493,737,816
435,710,581,800,737,817
478,617,643,800,737,818
478,472,561,493,307,819
423,558,558,363,737,820
478,608,339,609,737,821
478,615,480,609,481,822
478,993,753,609,737,823
478,718,343,493,737,824
478,470,543,493,373,825
478,515,616,406,737,826
478,496,742,310,737,827
448,552,575,609,637,828
478,598,798,800,227,829
478,613,301,800,637,830
478,485,674,406,552,831
478,506,515,609,552,832
478,664,445,493,426,833
478,541,369,609,481,834
364,405,692,609,737,835
439,559,446,800,737,836
204,696,866,493,737,837
478,640,399,406,373,838
213,931,864,406,737,839
478,759,697,310,637,840
478,521,358,800,552,841
478,502,484,363,637,842
478,622,673,800,481,843
478,943,599,406,204,844
478,792,390,609,637,845
478,748,593,406,552,846
478,813,724,310,552,847
478,498,938,493,737,848
239,758,910,800,481,849
478,575,646,493,552,850
478,524,541,800,737,851
478,599,519,493,338,852
197,722,881,609,552,853
478,648,664,493,426,854
478,636,636,406,737,855
478,820,771,406,737,856
478,563,596,800,737,857
478,655,721,493,373,858
353,649,373,406,737,859
478,657,797,800,227,860
326,745,654,800,426,861
478,854,624,800,637,862
478,635,535,406,737,863
478,471,462,493,737,864
366,936,613,310,373,865
478,929,823,609,280,866
285,746,927,363,737,867
478,799,640,800,159,868
478,716,774,609,737,869
272,784,540,800,481,870
457,534,546,406,737,871
431,477,614,800,481,872
478,660,586,406,552,873
478,820,759,609,737,874
478,717,622,406,426,875
478,685,600,609,737,876
412,619,457,800,737,877
478,591,922,609,637,878
478,590,641,363,338,879
478,577,763,800,737,880
478,494,514,493,637,881
478,684,503,609,481,882
478,352,655,493,552,883
478,800,788,800,552,884
405,619,974,800,259,885
478,855,498,609,737,886
373,738,645,493,481,887
478,695,748,310,737,888
478,672,783,609,737,889
323,659,736,609,737,890
478,625,553,800,373,891
478,570,786,406,481,892
375,656,458,609,737,893
478,894,621,609,552,894
478,632,607,406,637,895
230,754,952,800,737,896
363,587,448,609,552,897
478,724,686,609,552,898
355,533,544,609,552,899
478,432,381,609,552,900
478,666,639,800,737,901
478,756,422,406,373,902
381,602,601,609,552,903
216,909,791,800,737,904
478,497,778,609,637,905
478,652,483,800,737,906
331,839,879,493,338,907
478,682,878,609,637,908
309,816,892,609,737,909
243,852,938,406,637,910
478,746,629,800,552,911
478,651,765,800,552,912
478,466,799,800,737,913
478,634,529,406,552,914
420,786,974,609,259,915
390,782,592,609,338,916
478,876,496,800,737,917
411,686,676,800,481,918
478,780,668,609,737,919
361,883,522,406,552,920
478,823,712,609,737,921
478,508,925,609,637,922
280,663,795,800,426,923
478,744,421,609,737,924
478,686,683,493,552,925
478,706,510,800,737,926
264,749,671,493,637,927
478,733,574,609,737,928
478,596,637,406,481,929
478,769,584,800,307,930
478,833,952,250,481,931
478,709,625,493,737,932
478,886,443,800,737,933
478,805,834,609,338,934
334,804,717,609,737,935
383,825,606,800,737,936
478,658,447,493,737,937
478,940,895,493,259,938
478,998,363,609,737,939
478,518,809,609,552,940
476,546,523,406,737,941
478,667,567,800,737,942
478,719,735,609,307,943
478,858,895,406,481,944
478,945,760,609,737,945
478,692,772,800,737,946
478,683,658,609,426,947
478,791,571,493,737,948
478,519,974,800,737,949
478,829,486,493,737,950
478,794,920,493,737,951
478,765,463,493,552,952
314,949,560,406,552,953
478,831,631,800,637,954
478,549,572,406,307,955
478,975,711,609,637,956
430,675,966,800,280,957
478,566,816,406,737,958
478,910,587,800,737,959
478,981,727,800,737,960
478,281,308,800,637,961
478,760,719,609,481,962
478,623,726,609,737,963
478,789,814,609,481,964
478,773,757,800,481,965
305,943,966,800,552,966
478,966,739,800,307,967
478,828,902,800,227,968
478,626,801,609,552,969
478,631,754,609,552,970
478,698,793,406,737,971
478,912,635,609,426,972
388,641,858,363,637,973
478,562,854,800,552,974
478,846,866,609,373,975
454,768,966,800,227,976
478,865,642,493,426,977
478,932,897,800,159,978
478,517,681,609,481,979
478,957,563,609,737,980
478,924,690,609,280,981
478,641,725,609,307,982
478,934,416,609,552,983
478,679,907,800,373,984
478,662,685,493,637,985
478,972,852,800,259,986
310,775,948,609,280,987
461,751,723,493,737,988
478,735,689,406,481,989
400,589,910,800,259,990
478,453,897,800,737,991
478,689,720,609,280,992
365,907,653,609,737,993
478,757,578,493,637,994
478,803,767,363,481,995
478,779,768,406,481,996
478,704,452,800,426,997
478,475,680,800,737,998
478,753,665,609,637,999
478,818,562,493,481,1000
240,987,920,800,737,1001
473,701,729,609,737,1002
478,547,745,493,426,1003
478,771,559,609,481,1004
478,542,888,493,552,1005
341,851,755,609,481,1006
230,954,938,800,737,1007
478,734,822,406,737,1008
478,448,702,493,737,1009
478,835,675,609,637,1010
478,714,758,800,552,1011
367,970,703,800,737,1012
478,926,928,406,227,1013
478,806,948,609,481,1014
302,705,871,609,637,1015
478,601,959,609,637,1016
442,919,679,800,481,1017
463,725,778,800,637,1018
478,807,959,493,280,1019
478,1000,716,800,552,1020
478,707,850,609,338,1021
478,827,551,493,737,1022
478,794,845,800,737,1023
478,618,800,609,737,1024
478,860,841,800,552,1025
478,798,874,406,737,1026
478,889,740,609,338,1027
478,939,781,800,552,1028
478,751,863,800,338,1029
478,925,788,800,426,1030
329,719,784,800,552,1031
478,778,826,800,373,1032
478,588,938,493,737,1033
478,676,775,609,280,1034
368,992,669,800,637,1035
478,812,492,800,737,1036
478,918,974,800,194,1037
478,790,728,609,737,1038
478,866,810,609,552,1039
281,870,884,493,426,1040
478,740,605,800,737,1041
436,777,699,609,552,1042
478,832,833,609,637,1043
391,897,817,609,737,1044
478,754,856,493,637,1045
290,855,880,800,481,1046
478,864,704,406,737,1047
478,738,698,800,637,1048
478,603,903,800,737,1049
478,887,657,609,552,1050
478,824,805,800,552,1051
300,783,922,609,737,1052
478,959,699,363,737,1053
478,912,829,493,637,1054
478,760,987,800,737,1055
478,788,782,609,737,1056
345,721,890,493,737,1057
318,912,603,493,637,1058
478,690,959,800,637,1059
478,966,901,609,637,1060
478,741,493,800,637,1061
478,963,834,800,373,1062
478,879,761,800,737,1063
478,883,842,800,737,1064
478,810,987,800,227,1065
478,613,696,493,426,1066
478,936,849,609,552,1067
478,879,853,609,637,1068
478,927,831,800,307,1069
478,703,824,800,481,1070
478,838,706,609,737,1071
478,844,804,800,637,1072
478,952,819,609,426,1073
478,935,647,800,426,1074
478,729,871,800,637,1075
478,965,738,800,737,1076
478,873,922,800,552,1077
478,665,762,800,481,1078
340,973,860,493,481,1079
478,853,691,609,637,1080
478,863,793,800,373,1081
478,848,701,800,737,1082
478,691,570,609,481,1083
478,899,746,609,552,1084
478,871,888,609,637,1085
458,974,938,800,737,1086
478,661,472,800,552,1087
478,922,693,609,637,1088
478,743,509,609,637,1089
478,877,714,406,737,1090
478,915,708,609,737,1091
478,966,859,406,737,1092
478,610,974,800,737,1093
450,785,777,800,737,1094
478,834,644,800,481,1095
478,674,766,800,637,1096
478,713,818,609,737,1097
478,608,959,800,737,1098
317,774,934,800,737,1099
478,742,952,609,737,1100
297,882,748,609,737,1101
478,932,864,493,426,1102
478,817,820,493,737,1103
478,871,987,493,737,1104
478,904,952,800,373,1105
478,693,591,609,737,1106
425,797,966,800,737,1107
478,949,885,493,737,1108
478,841,628,800,737,1109
478,911,694,609,737,1110
478,857,938,800,737,1111
478,969,751,609,737,1112
478,903,840,800,737,1113
478,732,812,800,737,1114
478,669,959,800,307,1115
478,875,910,609,737,1116
478,672,715,800,737,1117
478,879,839,493,552,1118
414,985,974,800,737,1119
330,988,952,800,373,1120
478,760,875,609,737,1121
443,771,900,800,737,1122
478,957,576,800,338,1123
478,983,821,800,426,1124
478,688,934,800,737,1125
478,867,974,609,737,1126
478,938,886,609,737,1127
376,869,987,800,737,1128
478,730,787,800,737,1129
478,959,966,800,737,1130
478,942,950,800,552,1131
478,680,747,609,552,1132
478,940,744,800,737,1133
478,948,914,800,737,1134
478,775,974,800,737,1135
478,959,803,800,552,1136
478,947,899,800,426,1137
478,722,904,609,737,1138
478,916,552,493,637,1139
478,765,883,800,373,1140
478,836,959,800,280,1141
478,800,844,609,481,1142
478,737,932,800,637,1143
478,897,868,800,373,1144
393,893,918,800,737,1145
478,928,907,800,737,1146
417,628,987,800,737,1147
478,977,868,609,481,1148
478,995,439,609,737,1149
478,750,987,609,737,1150
478,963,950,800,737,1151
478,894,974,800,737,1152
478,802,887,609,737,1153
478,815,843,609,737,1154
478,873,737,800,637,1155
478,860,952,609,737,1156
478,837,776,609,737,1157
478,978,974,609,737,1158
478,769,952,609,737,1159
478,971,987,800,280,1160
478,840,938,493,737,1161
478,951,826,800,737,1162
478,994,871,800,737,1163
478,826,806,800,737,1164
478,891,848,609,737,1165
478,849,831,800,737,1166
478,981,856,609,737,1167
478,923,915,800,737,1168
478,962,815,800,737,1169
478,997,938,609,552,1170
478,984,938,493,481,1171
478,813,966,609,637,1172
478,946,830,800,737,1173
478,978,891,800,737,1174
478,919,987,800,552,1175
478,811,987,800,737,1176
478,999,778,609,737,1177
478,976,811,800,737,1178
478,988,987,800,737,1179
478,888,974,800,373,1180
478,917,987,800,637,1181
478,849,709,800,737,1182
478,952,904,609,737,1183
478,859,836,800,737,1184
478,809,938,609,637,1185
478,919,974,800,637,1186
478,787,894,800,737,1187
478,885,907,800,737,1188
478,929,974,800,737,1189
478,900,862,800,737,1190
478,905,932,800,737,1191
470,843,688,609,637,1192
478,822,987,493,737,1193
478,878,987,800,737,1194
478,990,918,800,637,1195
478,901,934,800,737,1196
478,867,987,800,737,1197
478,956,965,800,737,1198
478,860,973,800,637,1199
478,890,790,800,737,1200
1,1,1,1,3,1201
2,5,3,3,10,1202
11,15,2,2,1,1203
10,11,6,12,48,1204
13,7,12,7,15,1205
6,13,13,11,4,1206
21,10,4,4,29,1207
14,17,16,12,141,1208
15,72,25,24,225,1209
18,24,15,25,11,1210
26,18,8,35,49,1211
328,53,9,19,13,1212
3,14,19,31,7,1213
4,8,18,14,14,1214
27,6,14,8,9,1215
84,4,11,5,2,1216
16,30,42,88,16,1217
22,47,29,46,43,1218
17,3,20,6,12,1219
64,44,27,39,57,1220
567,16,5,15,17,1221
12,27,34,27,42,1222
164,120,97,368,35,1223
9,36,163,146,6,1224
29,21,24,22,27,1225
567,22,7,15,56,1226
447,12,22,15,67,1227
31,19,23,15,33,1228
567,372,28,115,289,1229
36,48,50,26,38,1230
103,9,10,10,40,1231
51,2,17,9,145,1232
75,40,48,42,65,1233
5,309,246,368,80,1234
82,19,26,23,47,1235
7,327,314,234,172,1236
502,379,157,645,871,1237
8,406,389,368,248,1238
567,246,63,234,45,1239
69,32,32,19,41,1240
20,94,74,88,97,1241
37,33,53,44,132,1242
33,75,95,68,28,1243
19,246,167,136,63,1244
39,50,58,182,18,1245
169,25,57,21,50,1246
44,49,43,28,92,1247
130,23,40,31,59,1248
87,28,52,31,44,1249
40,100,66,46,61,1250
62,57,64,101,34,1251
96,41,21,29,169,1252
227,29,33,35,62,1253
67,96,38,45,133,1254
127,54,37,65,228,1255
38,52,131,182,20,1256
25,46,223,182,695,1257
393,73,86,115,324,1258
175,268,254,287,861,1259
276,37,73,46,5,1260
160,211,225,78,165,1261
275,26,36,37,81,1262
404,31,35,68,87,1263
280,111,59,46,77,1264
98,34,125,78,25,1265
54,60,45,37,135,1266
92,43,70,29,142,1267
55,74,39,31,235,1268
94,55,62,59,51,1269
105,97,65,101,19,1270
567,51,54,52,743,1271
210,58,47,39,280,1272
170,68,127,115,22,1273
149,38,31,59,432,1274
567,131,30,78,173,1275
402,69,61,46,243,1276
24,242,242,182,352,1277
73,63,158,65,30,1278
129,66,55,53,167,1279
60,107,152,78,36,1280
53,114,118,68,64,1281
202,35,92,53,74,1282
43,121,67,76,200,1283
146,67,60,93,55,1284
46,87,147,53,227,1285
107,98,117,136,39,1286
199,39,44,59,429,1287
198,45,103,46,75,1288
567,78,51,68,162,1289
567,93,72,42,71,1290
74,124,114,39,58,1291
191,122,77,115,321,1292
113,42,68,53,223,1293
190,76,116,101,188,1294
48,166,160,93,84,1295
389,56,46,68,137,1296
455,143,85,76,21,1297
45,140,326,321,23,1298
286,106,134,101,302,1299
49,152,182,264,37,1300
118,104,90,128,119,1301
108,77,98,88,201,1302
292,65,78,101,68,1303
23,977,834,812,871,1304
215,137,106,59,111,1305
35,180,143,161,178,1306
151,62,109,82,116,1307
567,82,94,53,260,1308
50,169,169,136,52,1309
193,64,96,68,316,1310
551,80,79,88,420,1311
205,83,166,212,312,1312
34,298,321,321,122,1313
317,70,88,93,282,1314
58,172,411,321,26,1315
226,61,108,93,215,1316
466,85,135,53,871,1317
162,88,123,65,136,1318
329,84,149,68,90,1319
161,255,150,59,76,1320
567,113,41,101,199,1321
165,91,81,101,154,1322
196,92,69,82,335,1323
321,95,75,93,871,1324
322,138,140,146,78,1325
30,221,300,321,797,1326
567,135,110,128,72,1327
89,123,144,82,402,1328
385,79,120,68,871,1329
70,90,177,101,157,1330
567,105,56,115,483,1331
71,59,186,136,710,1332
41,149,208,234,261,1333
274,89,119,93,410,1334
567,102,361,212,32,1335
180,186,221,161,88,1336
241,159,130,82,73,1337
567,173,84,93,96,1338
159,250,151,59,313,1339
109,116,176,146,138,1340
296,103,83,115,121,1341
28,624,655,368,824,1342
567,160,71,161,101,1343
194,183,283,368,8,1344
145,86,136,182,99,1345
567,141,124,128,130,1346
548,109,80,234,461,1347
95,115,133,101,334,1348
32,442,237,321,291,1349
268,127,156,101,222,1350
376,101,111,101,540,1351
158,117,165,146,170,1352
567,108,82,161,471,1353
567,243,49,115,183,1354
134,156,104,182,98,1355
490,142,122,146,226,1356
86,150,171,128,263,1357
249,153,107,146,341,1358
83,249,244,128,124,1359
363,167,100,136,486,1360
157,133,141,136,265,1361
136,147,126,101,677,1362
110,236,214,101,148,1363
492,187,190,125,79,1364
567,285,355,212,24,1365
567,184,115,125,144,1366
123,145,180,101,778,1367
79,202,89,88,839,1368
567,99,105,182,351,1369
128,139,204,128,205,1370
567,195,91,161,128,1371
441,118,189,212,438,1372
209,129,137,136,179,1373
510,220,230,161,46,1374
567,125,112,197,180,1375
219,179,155,212,328,1376
171,174,146,264,299,1377
277,148,173,287,53,1378
379,130,99,197,415,1379
143,81,267,212,198,1380
567,223,170,82,100,1381
567,191,145,264,269,1382
567,296,76,234,143,1383
42,310,257,511,156,1384
78,289,233,115,153,1385
423,235,101,115,683,1386
186,151,178,82,339,1387
567,110,93,234,160,1388
183,189,258,125,117,1389
418,233,251,197,70,1390
309,71,290,368,106,1391
168,286,471,368,31,1392
163,171,194,212,496,1393
88,222,226,161,150,1394
203,112,252,368,123,1395
91,212,161,161,127,1396
132,204,138,146,421,1397
188,181,132,234,82,1398
179,154,172,128,377,1399
526,163,128,93,433,1400
218,178,153,146,193,1401
56,301,227,264,326,1402
541,126,196,287,129,1403
554,176,202,146,361,1404
421,170,192,136,192,1405
451,119,87,182,230,1406
567,132,121,234,151,1407
348,136,281,212,354,1408
319,226,175,212,255,1409
567,188,212,146,102,1410
225,194,317,161,69,1411
222,192,159,234,365,1412
208,193,280,146,103,1413
567,209,113,161,194,1414
487,232,183,161,310,1415
306,146,181,368,399,1416
567,177,142,287,455,1417
259,168,193,197,186,1418
141,198,191,212,356,1419
479,162,356,212,168,1420
450,206,278,197,613,1421
93,261,308,212,175,1422
185,231,154,161,671,1423
462,165,129,146,511,1424
567,185,354,234,281,1425
52,164,485,812,436,1426
117,196,187,197,449,1427
68,215,309,368,256,1428
273,207,270,182,140,1429
238,197,359,182,158,1430
264,283,325,115,236,1431
228,157,206,182,161,1432
567,210,185,161,523,1433
567,314,229,197,315,1434
391,216,179,287,369,1435
567,158,102,321,514,1436
294,217,197,136,871,1437
112,288,285,128,278,1438
192,128,269,368,452,1439
567,258,139,197,385,1440
567,144,220,264,277,1441
567,354,200,161,216,1442
119,279,366,212,327,1443
362,134,358,234,164,1444
288,353,335,287,60,1445
567,300,294,264,736,1446
326,218,275,197,564,1447
126,319,236,234,268,1448
567,257,162,212,337,1449
339,949,605,812,839,1450
567,297,209,182,454,1451
334,200,184,136,411,1452
257,359,250,161,553,1453
567,333,334,161,502,1454
300,224,224,264,146,1455
152,201,264,234,181,1456
465,155,296,197,495,1457
233,362,338,287,91,1458
403,264,253,321,206,1459
239,263,148,161,389,1460
267,248,199,197,460,1461
567,230,255,212,213,1462
63,400,347,182,666,1463
47,615,542,511,534,1464
567,251,228,212,366,1465
419,253,260,234,125,1466
290,182,216,321,447,1467
459,175,324,234,792,1468
124,190,333,234,626,1469
560,228,238,182,636,1470
493,244,203,234,257,1471
144,365,299,264,258,1472
398,203,298,287,237,1473
342,549,195,428,249,1474
125,370,312,264,86,1475
512,214,168,234,477,1476
254,161,393,287,221,1477
471,290,231,321,594,1478
65,503,739,264,871,1479
567,294,301,161,506,1480
337,272,304,234,120,1481
142,402,346,182,210,1482
567,229,201,212,871,1483
155,254,274,264,275,1484
314,273,207,287,422,1485
137,280,247,264,384,1486
567,275,198,212,871,1487
498,287,282,321,348,1488
187,680,422,511,358,1489
567,304,287,428,112,1490
567,445,376,197,254,1491
567,322,245,287,308,1492
444,205,239,161,234,1493
470,208,348,264,548,1494
473,227,360,212,528,1495
235,236,235,368,797,1496
567,337,284,321,659,1497
484,338,405,368,105,1498
567,291,265,234,297,1499
299,262,367,146,649,1500
200,245,416,428,871,1501
567,281,266,511,364,1502
567,316,364,287,508,1503
460,225,256,321,443,1504
104,313,667,511,131,1505
66,520,503,321,219,1506
412,355,625,321,66,1507
316,266,380,264,405,1508
506,308,188,321,189,1509
567,540,538,368,54,1510
57,584,734,511,871,1511
567,265,307,234,372,1512
80,331,493,645,467,1513
207,278,262,234,456,1514
135,282,454,321,419,1515
172,399,369,511,376,1516
557,267,272,287,816,1517
303,302,241,287,522,1518
359,256,466,368,185,1519
240,368,271,321,301,1520
567,317,218,234,285,1521
116,305,330,645,295,1522
567,427,404,197,871,1523
256,357,288,368,397,1524
567,270,205,161,406,1525
97,557,363,197,386,1526
380,330,381,264,680,1527
567,260,263,321,457,1528
567,478,279,321,871,1529
567,299,402,234,537,1530
77,348,934,428,245,1531
177,292,215,197,458,1532
481,293,174,428,353,1533
546,199,219,368,486,1534
445,234,243,287,465,1535
567,349,211,146,500,1536
106,382,408,264,871,1537
76,578,722,511,645,1538
567,378,217,161,729,1539
567,554,476,368,648,1540
59,635,943,812,625,1541
443,395,286,287,616,1542
387,306,276,264,377,1543
567,375,332,428,642,1544
271,360,412,368,177,1545
567,329,249,428,271,1546
397,430,222,287,442,1547
347,306,549,321,279,1548
567,277,379,428,118,1549
150,383,240,234,474,1550
61,983,506,812,871,1551
567,321,328,234,853,1552
229,373,320,212,294,1553
166,259,764,511,329,1554
237,323,401,368,871,1555
567,386,327,321,320,1556
377,312,353,287,542,1557
567,332,357,264,309,1558
318,531,273,234,596,1559
85,611,459,321,809,1560
204,467,302,264,509,1561
567,284,303,368,381,1562
489,385,600,287,126,1563
261,458,293,428,286,1564
81,668,601,321,690,1565
567,374,388,321,861,1566
500,276,350,321,871,1567
483,325,277,146,445,1568
567,416,392,287,656,1569
330,371,576,368,85,1570
567,443,232,264,839,1571
375,392,434,428,367,1572
567,252,874,511,387,1573
344,376,457,368,330,1574
567,397,164,428,604,1575
139,446,310,645,396,1576
567,352,322,511,527,1577
567,401,311,321,333,1578
72,703,763,812,797,1579
301,334,234,428,298,1580
553,326,349,511,211,1581
567,390,305,287,468,1582
531,320,319,812,568,1583
547,405,589,511,109,1584
213,311,342,321,208,1585
206,240,651,428,871,1586
555,424,482,321,770,1587
567,411,374,212,531,1588
154,271,583,812,174,1589
567,462,509,645,107,1590
338,239,452,645,551,1591
567,473,352,645,272,1592
567,548,526,321,871,1593
501,381,386,511,159,1594
567,469,413,812,678,1595
567,363,492,428,755,1596
181,358,510,428,292,1597
564,339,516,428,104,1598
567,463,399,368,253,1599
282,219,626,645,242,1600
495,380,584,645,95,1601
311,367,426,428,871,1602
361,498,424,287,134,1603
567,295,575,511,197,1604
368,388,378,287,478,1605
250,621,574,645,816,1606
520,238,425,428,731,1607
511,343,511,368,288,1608
140,511,490,368,314,1609
244,241,847,645,375,1610
567,508,464,212,736,1611
153,447,648,428,303,1612
437,213,604,511,538,1613
567,450,371,264,526,1614
258,274,612,645,576,1615
567,393,268,428,871,1616
99,545,745,645,718,1617
567,361,343,368,267,1618
353,495,441,428,152,1619
115,346,480,645,373,1620
224,336,403,645,246,1621
567,507,774,812,83,1622
567,324,297,368,797,1623
567,482,418,368,481,1624
173,418,351,645,489,1625
360,364,398,234,673,1626
350,377,377,321,171,1627
101,901,522,511,760,1628
567,501,565,812,340,1629
567,328,520,428,345,1630
567,303,449,321,190,1631
567,435,474,368,709,1632
426,646,729,645,89,1633
567,633,673,645,93,1634
212,470,697,645,110,1635
430,426,431,368,195,1636
366,522,438,511,713,1637
131,366,783,511,444,1638
266,347,620,511,196,1639
567,386,505,645,155,1640
178,441,409,428,617,1641
297,526,439,511,679,1642
488,369,702,645,149,1643
102,715,543,511,871,1644
90,988,818,511,675,1645
482,420,365,287,712,1646
369,432,344,368,521,1647
332,315,537,511,239,1648
304,391,292,321,530,1649
567,443,591,511,325,1650
567,403,465,645,355,1651
401,398,488,428,147,1652
216,389,467,368,305,1653
364,542,382,264,708,1654
278,335,442,287,427,1655
356,438,463,368,741,1656
416,474,419,511,350,1657
567,559,444,287,724,1658
567,340,683,511,756,1659
174,590,472,812,224,1660
567,612,295,321,839,1661
562,409,462,428,716,1662
221,453,494,428,392,1663
567,480,375,511,774,1664
567,653,498,428,853,1665
230,534,316,321,380,1666
269,431,433,428,493,1667
285,527,514,511,238,1668
184,455,618,287,809,1669
120,550,879,511,871,1670
567,481,210,511,589,1671
236,497,676,511,667,1672
565,599,588,812,113,1673
414,484,536,321,374,1674
567,351,341,428,344,1675
567,580,461,511,482,1676
567,423,828,645,184,1677
148,562,397,368,539,1678
563,269,478,645,597,1679
114,784,713,511,861,1680
567,530,530,428,191,1681
567,669,888,428,94,1682
535,433,497,645,510,1683
408,342,675,428,276,1684
567,318,387,511,266,1685
214,614,607,645,233,1686
567,459,528,368,284,1687
435,448,213,368,490,1688
365,704,606,428,871,1689
567,475,337,368,614,1690
167,720,786,368,824,1691
485,434,507,368,250,1692
567,587,391,428,423,1693
567,408,496,812,322,1694
436,421,599,645,370,1695
100,965,936,812,715,1696
567,394,345,812,706,1697
138,572,877,428,274,1698
567,490,435,428,731,1699
567,600,390,511,634,1700
415,593,460,321,574,1701
567,454,421,321,853,1702
567,585,614,645,816,1703
567,341,415,321,507,1704
567,451,259,511,513,1705
253,602,557,511,524,1706
567,415,423,645,459,1707
567,824,724,368,615,1708
405,449,484,511,360,1709
248,516,491,511,871,1710
567,576,792,645,139,1711
567,643,453,645,247,1712
231,685,370,645,359,1713
567,350,689,645,624,1714
567,491,518,511,871,1715
567,756,446,511,660,1716
567,485,313,511,584,1717
217,909,865,645,440,1718
432,711,585,321,871,1719
567,457,331,321,603,1720
392,404,410,645,338,1721
567,508,851,428,611,1722
567,429,261,645,727,1723
567,613,291,645,871,1724
295,419,553,428,300,1725
425,417,521,428,207,1726
567,493,407,287,824,1727
567,452,545,812,559,1728
517,594,602,368,244,1729
121,542,937,511,408,1730
567,438,693,428,853,1731
567,476,372,368,861,1732
195,569,437,428,871,1733
147,523,943,812,317,1734
567,466,289,321,515,1735
567,486,629,511,388,1736
567,586,318,368,426,1737
133,764,912,812,658,1738
567,483,420,511,579,1739
567,564,306,428,556,1740
567,505,248,428,665,1741
567,345,517,511,824,1742
400,656,653,645,166,1743
211,412,682,511,871,1744
122,785,861,812,601,1745
567,752,622,812,719,1746
567,773,329,645,270,1747
111,995,827,812,839,1748
232,472,569,368,425,1749
345,517,571,645,409,1750
567,553,541,428,650,1751
567,649,394,812,629,1752
291,464,906,645,816,1753
480,634,447,645,687,1754
567,787,594,511,362,1755
477,575,323,287,744,1756
567,413,680,511,212,1757
567,588,546,645,293,1758
539,440,445,428,579,1759
305,927,917,812,108,1760
567,488,556,368,861,1761
567,414,400,368,546,1762
567,344,598,812,824,1763
567,384,468,511,839,1764
439,596,660,287,401,1765
352,564,414,368,371,1766
293,682,681,321,630,1767
370,622,568,511,342,1768
182,560,539,645,232,1769
567,518,567,511,623,1770
567,610,436,511,498,1771
567,631,855,511,778,1772
252,734,428,428,787,1773
567,573,628,812,576,1774
567,556,641,645,824,1775
567,623,406,812,768,1776
156,816,646,645,746,1777
381,568,780,511,273,1778
424,502,647,321,636,1779
242,486,672,812,413,1780
567,806,798,812,115,1781
567,597,836,645,871,1782
567,410,578,428,787,1783
453,571,547,812,600,1784
567,713,315,428,702,1785
272,436,645,812,576,1786
544,532,429,511,651,1787
223,606,469,645,809,1788
567,504,638,368,839,1789
533,591,512,812,588,1790
420,642,373,511,792,1791
567,618,555,812,220,1792
538,479,739,264,871,1793
176,763,762,812,549,1794
559,425,384,511,518,1795
507,521,815,645,176,1796
567,768,719,234,765,1797
411,688,671,812,187,1798
333,785,525,368,400,1799
567,823,544,645,661,1800
567,468,450,368,792,1801
388,533,748,812,204,1802
567,514,336,645,661,1803
567,792,396,511,839,1804
567,496,508,428,585,1805
265,664,385,511,472,1806
220,605,608,645,566,1807
567,627,531,511,252,1808
567,944,840,428,871,1809
567,860,900,812,114,1810
567,552,577,645,653,1811
567,506,477,645,590,1812
567,436,500,368,556,1813
242,500,974,812,644,1814
567,396,773,812,871,1815
567,672,440,645,336,1816
567,650,481,511,670,1817
567,821,631,645,630,1818
281,733,706,511,251,1819
567,518,581,812,686,1820
567,477,750,511,492,1821
567,721,644,645,448,1822
386,684,560,645,871,1823
567,641,756,511,264,1824
197,969,871,428,792,1825
567,492,532,511,462,1826
534,407,362,645,572,1827
567,470,563,645,290,1828
567,588,652,287,363,1829
567,693,623,645,739,1830
567,616,340,645,809,1831
358,694,695,511,871,1832
406,732,611,812,824,1833
567,658,630,428,871,1834
567,774,632,428,598,1835
567,551,383,645,343,1836
491,544,483,511,736,1837
395,839,931,428,871,1838
529,816,747,428,871,1839
567,678,765,645,871,1840
567,510,704,511,731,1841
536,558,984,812,214,1842
284,669,661,321,621,1843
567,555,573,428,485,1844
457,536,455,812,803,1845
545,696,757,287,824,1846
263,710,593,812,853,1847
476,834,708,645,163,1848
516,592,937,511,691,1849
567,893,771,645,720,1850
514,619,582,511,418,1851
189,898,561,428,749,1852
567,465,798,645,283,1853
567,513,527,812,774,1854
567,664,417,511,469,1855
567,719,590,511,379,1856
567,753,787,645,202,1857
496,570,554,812,723,1858
567,805,962,234,726,1859
567,629,558,428,503,1860
245,800,548,812,484,1861
567,688,649,812,748,1862
422,537,534,428,871,1863
567,356,613,511,627,1864
567,848,755,645,555,1865
307,685,760,645,871,1866
567,687,621,428,499,1867
567,788,427,368,346,1868
567,677,715,368,404,1869
567,701,658,645,403,1870
525,456,443,812,805,1871
567,669,744,645,700,1872
567,662,843,645,756,1873
567,659,533,321,853,1874
567,636,470,645,754,1875
567,705,564,645,871,1876
499,738,931,428,763,1877
262,620,513,511,604,1878
260,754,904,511,871,1879
567,655,678,645,871,1880
567,666,779,812,262,1881
247,915,892,812,871,1882
567,747,808,321,240,1883
567,494,929,812,782,1884
567,707,624,645,871,1885
567,577,822,428,621,1886
448,640,473,812,861,1887
567,654,456,511,772,1888
289,566,878,428,871,1889
567,608,803,812,871,1890
522,679,523,812,668,1891
433,625,458,511,861,1892
567,660,830,645,203,1893
567,512,806,511,480,1894
567,514,950,511,871,1895
567,723,395,511,871,1896
567,563,950,511,871,1897
567,724,339,428,871,1898
567,667,499,812,703,1899
372,535,479,812,503,1900
567,639,637,511,756,1901
567,645,519,645,705,1902
567,537,835,511,525,1903
567,691,529,812,182,1904
383,460,865,645,307,1905
399,727,984,428,463,1906
335,601,597,812,439,1907
567,428,686,812,871,1908
523,603,587,428,571,1909
431,905,643,287,587,1910
567,888,714,368,446,1911
567,864,572,511,871,1912
567,975,837,645,441,1913
503,561,848,645,450,1914
378,742,659,645,560,1915
567,673,816,428,582,1916
201,912,785,812,682,1917
246,718,923,645,592,1918
567,934,665,511,296,1919
355,827,895,645,306,1920
323,895,776,428,871,1921
567,930,633,511,641,1922
567,832,515,645,871,1923
567,739,562,511,475,1924
341,743,728,511,871,1925
567,422,694,511,824,1926
567,836,824,812,787,1927
567,852,752,645,871,1928
428,523,566,645,595,1929
464,881,700,645,716,1930
567,657,720,812,532,1931
567,725,595,812,871,1932
340,829,904,645,761,1933
567,632,725,812,633,1934
567,765,679,645,731,1935
343,908,721,511,390,1936
567,680,712,428,437,1937
567,627,751,812,519,1938
567,816,684,812,792,1939
567,837,502,287,871,1940
567,812,793,645,517,1941
440,646,875,368,839,1942
567,778,627,511,611,1943
513,546,559,511,871,1944
567,583,890,428,700,1945
382,782,640,511,394,1946
567,750,615,812,871,1947
371,897,524,428,634,1948
567,528,969,511,569,1949
567,996,368,645,871,1950
324,604,746,812,431,1951
567,921,432,645,805,1952
270,933,738,812,871,1953
567,775,504,511,871,1954
567,957,699,428,871,1955
461,637,781,511,218,1956
567,539,854,812,661,1957
567,863,635,812,640,1958
567,869,862,645,382,1959
567,775,736,812,535,1960
472,791,670,812,391,1961
394,699,685,812,639,1962
567,813,475,511,787,1963
567,826,782,428,543,1964
567,661,743,511,654,1965
537,939,489,645,609,1966
567,757,617,812,497,1967
567,489,984,812,871,1968
567,735,701,645,619,1969
417,761,974,812,231,1970
567,986,770,812,473,1971
567,547,674,645,558,1972
567,808,791,812,435,1973
283,630,892,645,809,1974
567,959,711,645,797,1975
567,579,664,645,395,1976
567,868,650,645,453,1977
567,675,636,645,554,1978
567,761,839,511,871,1979
567,835,860,645,368,1980
507,716,921,511,412,1981
279,708,891,511,398,1982
308,529,912,812,552,1983
357,772,707,812,871,1984
567,714,487,812,476,1985
567,573,579,428,620,1986
567,894,666,511,533,1987
567,525,754,511,871,1988
567,769,570,511,782,1989
467,794,769,428,581,1990
567,799,642,645,684,1991
567,702,790,812,871,1992
567,767,691,645,782,1993
310,741,662,511,593,1994
427,663,806,812,749,1995
469,697,730,511,871,1996
567,637,768,812,787,1997
567,993,586,645,488,1998
567,541,703,428,479,1999
567,985,759,645,727,2000
567,729,619,645,816,2001
567,948,813,812,766,2002
567,461,950,511,871,2003
331,796,943,368,694,2004
567,712,451,812,505,2005
567,745,859,812,319,2006
567,499,883,645,661,2007
567,794,958,645,643,2008
373,910,705,645,824,2009
567,748,984,812,217,2010
251,938,634,511,797,2011
567,706,819,645,428,2012
567,838,928,812,331,2013
567,842,552,511,607,2014
543,580,668,511,520,2015
567,743,814,511,583,2016
567,758,592,812,805,2017
550,847,753,511,871,2018
567,740,761,645,529,2019
567,853,820,511,752,2020
287,859,772,812,567,2021
567,974,580,428,871,2022
567,973,793,368,871,2023
567,854,829,812,766,2024
429,846,698,428,824,2025
567,760,910,511,739,2026
504,825,958,645,229,2027
567,783,912,812,628,2028
527,827,501,645,770,2029
567,1000,927,645,871,2030
567,700,722,812,414,2031
407,947,596,511,674,2032
567,810,805,812,824,2033
567,888,948,645,241,2034
390,981,974,812,685,2035
567,851,737,645,573,2036
519,843,766,511,824,2037
567,942,788,812,536,2038
567,952,692,645,393,2039
567,857,833,645,332,2040
454,691,888,812,407,2041
475,781,789,812,871,2042
567,803,933,511,347,2043
567,979,784,812,464,2044
567,814,881,645,871,2045
567,648,735,812,541,2046
234,934,950,812,871,2047
567,872,687,511,654,2048
567,746,657,812,608,2049
438,822,610,812,805,2050
567,887,886,645,839,2051
468,750,942,645,871,2052
567,992,710,812,561,2053
567,771,899,812,871,2054
567,922,663,645,618,2055
567,855,741,812,714,2056
532,870,732,428,769,2057
567,651,535,645,494,2058
567,840,801,812,550,2059
567,989,907,645,259,2060
567,877,727,511,638,2061
567,971,876,812,416,2062
567,990,917,645,470,2063
456,729,709,428,742,2064
567,796,991,645,871,2065
567,617,726,812,601,2066
567,814,669,812,871,2067
567,788,845,812,466,2068
567,882,656,645,871,2069
354,777,802,812,591,2070
315,759,974,812,698,2071
567,766,958,812,630,2072
561,690,929,812,585,2073
567,896,550,511,746,2074
320,779,962,812,871,2075
567,844,654,511,871,2076
567,904,848,368,871,2077
567,942,984,812,209,2078
524,754,495,645,839,2079
567,626,486,812,710,2080
255,856,841,812,570,2081
567,651,551,645,647,2082
302,914,974,812,871,2083
528,936,943,321,304,2084
458,941,677,812,721,2085
567,582,696,812,761,2086
567,982,868,812,287,2087
463,919,950,812,871,2088
567,695,897,645,669,2089
567,675,775,812,657,2090
346,964,900,645,424,2091
567,962,812,812,501,2092
374,977,690,812,729,2093
567,883,850,812,809,2094
486,709,974,812,853,2095
567,840,616,812,599,2096
567,899,825,645,575,2097
567,906,962,812,356,2098
567,609,716,645,692,2099
567,950,797,812,610,2100
567,913,853,812,676,2101
518,916,903,428,871,2102
567,956,717,645,695,2103
558,928,639,428,752,2104
567,875,984,812,871,2105
567,888,810,812,871,2106
298,952,921,812,871,2107
567,966,767,812,803,2108
349,959,609,511,545,2109
509,923,777,511,782,2110
567,873,821,511,698,2111
567,769,991,812,871,2112
567,917,731,812,606,2113
567,682,923,645,871,2114
313,802,892,645,871,2115
567,598,991,812,823,2116
567,957,718,511,853,2117
567,606,941,812,763,2118
567,903,826,812,724,2119
367,807,688,812,871,2120
567,736,842,645,871,2121
567,940,900,645,871,2122
515,849,991,428,735,2123
452,674,912,645,744,2124
567,879,910,812,871,2125
325,906,882,511,430,2126
567,643,958,812,383,2127
567,820,896,645,816,2128
442,910,838,812,706,2129
567,850,816,812,311,2130
567,833,920,812,871,2131
478,731,939,645,871,2132
567,717,796,645,871,2133
497,697,800,812,772,2134
567,920,871,645,563,2135
567,899,540,812,491,2136
474,945,870,511,703,2137
494,946,603,511,749,2138
552,749,884,812,417,2139
567,967,974,812,681,2140
567,722,948,812,774,2141
567,931,742,645,871,2142
567,891,873,812,871,2143
409,798,947,645,861,2144
505,951,844,511,693,2145
413,790,940,812,871,2146
556,808,969,812,323,2147
351,566,962,812,871,2148
384,862,935,812,778,2149
521,994,851,812,689,2150
567,918,880,812,451,2151
567,884,908,812,565,2152
567,970,991,645,839,2153
567,931,957,812,871,2154
336,793,897,812,688,2155
567,865,962,645,871,2156
567,737,809,645,721,2157
567,725,962,645,871,2158
567,972,831,812,697,2159
567,955,923,368,645,2160
567,929,923,645,871,2161
567,998,793,645,871,2162
567,801,758,812,782,2163
567,867,864,511,871,2164
567,875,832,511,871,2165
567,866,950,645,871,2166
567,727,973,645,871,2167
312,871,732,812,861,2168
567,877,811,812,871,2169
567,999,448,645,562,2170
446,984,887,812,824,2171
567,923,917,812,871,2172
567,880,912,645,349,2173
396,954,974,812,871,2174
410,976,778,645,318,2175
567,885,857,812,839,2176
567,780,950,812,512,2177
567,967,884,645,544,2178
567,923,984,812,871,2179
567,991,868,812,778,2180
529,892,863,812,516,2181
567,804,749,645,871,2182
434,902,991,812,871,2183
567,858,991,812,672,2184
567,819,858,645,871,2185
567,845,804,645,871,2186
567,874,855,812,871,2187
567,987,969,645,871,2188
567,980,991,812,809,2189
567,959,991,812,871,2190
542,830,974,812,434,2191
540,962,865,645,774,2192
327,937,962,812,861,2193
567,811,969,511,756,2194
449,595,430,645,839,2195
567,926,845,812,816,2196
566,997,908,645,871,2197
549,830,823,812,824,2198
567,886,974,812,651,2199
567,861,991,812,547,2200
